Date,Price,Volume,Opening,Min,Max,ticker,settlement,instrument_type
2023-01-02T00:00:00-03:00,12690.0,2954318.0,12450.0,12100.0,12763.0,TEN,A-24HS,CEDEARS
2023-01-03T00:00:00-03:00,11661.5,144802144.0,11979.5,11410.0,12056.5,TEN,A-24HS,CEDEARS
2023-01-04T00:00:00-03:00,10952.5,69833248.0,11200.0,10840.0,11263.0,TEN,A-24HS,CEDEARS
2023-01-05T00:00:00-03:00,11241.0,98606872.0,11080.0,11080.0,11245.5,TEN,A-24HS,CEDEARS
2023-01-06T00:00:00-03:00,11258.0,100996304.0,11350.0,11210.0,11435.5,TEN,A-24HS,CEDEARS
2023-01-09T00:00:00-03:00,11309.0,74601752.0,11290.0,11290.0,11710.0,TEN,A-24HS,CEDEARS
2023-01-10T00:00:00-03:00,11488.0,73436208.0,11700.0,11270.5,11715.0,TEN,A-24HS,CEDEARS
2023-01-11T00:00:00-03:00,11607.5,45931692.0,11546.0,11398.0,11668.5,TEN,A-24HS,CEDEARS
2023-01-12T00:00:00-03:00,12099.5,67399872.0,11718.0,11718.0,12115.0,TEN,A-24HS,CEDEARS
2023-01-13T00:00:00-03:00,12262.5,46826344.0,12161.0,12025.0,12312.0,TEN,A-24HS,CEDEARS
2023-01-16T00:00:00-03:00,12301.0,5922906.0,12240.0,12000.0,12515.0,TEN,A-24HS,CEDEARS
2023-01-17T00:00:00-03:00,12974.5,65066172.0,12518.0,12518.0,13100.0,TEN,A-24HS,CEDEARS
2023-01-18T00:00:00-03:00,12642.0,126706232.0,13555.0,12616.5,13555.0,TEN,A-24HS,CEDEARS
2023-01-19T00:00:00-03:00,12768.5,63646740.0,12700.0,12296.0,12825.5,TEN,A-24HS,CEDEARS
2023-01-20T00:00:00-03:00,12817.0,49850920.0,12800.0,12680.0,13110.0,TEN,A-24HS,CEDEARS
2023-01-23T00:00:00-03:00,12696.5,144923664.0,12950.0,12668.0,12991.0,TEN,A-24HS,CEDEARS
2023-01-24T00:00:00-03:00,12587.5,70988408.0,12700.0,12438.5,12716.0,TEN,A-24HS,CEDEARS
2023-01-25T00:00:00-03:00,12883.0,8645616.0,12587.5,12500.0,12915.0,TEN,A-24HS,CEDEARS
2023-01-26T00:00:00-03:00,13102.0,7047401.5,12883.0,12752.5,13103.0,TEN,A-24HS,CEDEARS
2023-01-27T00:00:00-03:00,13080.0,113341832.0,13120.0,13013.0,13424.0,TEN,A-24HS,CEDEARS
2023-01-30T00:00:00-03:00,12975.0,20332546.0,13176.0,12998.5,13176.0,TEN,A-24HS,CEDEARS
2023-01-31T00:00:00-03:00,13060.0,40144232.0,12975.0,12805.0,13123.0,TEN,A-24HS,CEDEARS
2023-02-01T00:00:00-03:00,12725.0,92608160.0,12870.5,12412.0,12870.5,TEN,A-24HS,CEDEARS
2023-02-02T00:00:00-03:00,12132.5,65979828.0,12725.0,12036.0,12725.0,TEN,A-24HS,CEDEARS
2023-02-03T00:00:00-03:00,11980.5,37319024.0,12351.0,11874.0,12351.0,TEN,A-24HS,CEDEARS
2023-02-06T00:00:00-03:00,11967.5,28227104.0,11850.0,11649.5,11943.0,TEN,A-24HS,CEDEARS
2023-02-07T00:00:00-03:00,12080.0,14330966.0,12000.0,11963.0,12091.0,TEN,A-24HS,CEDEARS
2023-02-08T00:00:00-03:00,12306.0,16070626.0,12250.0,12143.5,12357.5,TEN,A-24HS,CEDEARS
2023-02-09T00:00:00-03:00,12370.0,16648983.0,12400.0,12324.0,12442.5,TEN,A-24HS,CEDEARS
2023-02-10T00:00:00-03:00,12757.5,42843412.0,12500.0,12500.0,12769.5,TEN,A-24HS,CEDEARS
2023-02-13T00:00:00-03:00,12697.0,21998752.0,12757.5,12500.0,12757.5,TEN,A-24HS,CEDEARS
2023-02-14T00:00:00-03:00,12919.5,34175728.0,12900.0,12823.0,13032.5,TEN,A-24HS,CEDEARS
2023-02-15T00:00:00-03:00,12701.0,4864789.5,12922.0,12564.5,12922.0,TEN,A-24HS,CEDEARS
2023-02-16T00:00:00-03:00,13599.0,148204512.0,13600.0,13116.5,13800.0,TEN,A-24HS,CEDEARS
2023-02-17T00:00:00-03:00,12917.0,36133956.0,13599.0,12820.0,13599.0,TEN,A-24HS,CEDEARS
2023-02-22T00:00:00-03:00,12224.5,27981452.0,12895.0,12156.0,12895.0,TEN,A-24HS,CEDEARS
2023-02-23T00:00:00-03:00,12480.5,65818708.0,12381.5,12350.0,12667.0,TEN,A-24HS,CEDEARS
2023-02-24T00:00:00-03:00,12300.0,15716940.0,12402.5,12100.5,12402.5,TEN,A-24HS,CEDEARS
2023-02-27T00:00:00-03:00,12400.0,21347604.0,12373.5,12370.5,12546.0,TEN,A-24HS,CEDEARS
2023-02-28T00:00:00-03:00,12113.5,21667916.0,12400.0,12050.0,12400.0,TEN,A-24HS,CEDEARS
2023-03-01T00:00:00-03:00,12400.0,14548648.0,12181.0,12181.0,12435.5,TEN,A-24HS,CEDEARS
2023-03-02T00:00:00-03:00,12899.0,16564378.0,12754.0,12654.5,12884.5,TEN,A-24HS,CEDEARS
2023-03-03T00:00:00-03:00,12813.0,16717124.0,12798.0,12716.5,12962.5,TEN,A-24HS,CEDEARS
2023-03-06T00:00:00-03:00,13000.0,68721528.0,12767.5,12767.5,13000.0,TEN,A-24HS,CEDEARS
2023-03-07T00:00:00-03:00,12959.5,16613388.0,12789.0,12789.0,13218.0,TEN,A-24HS,CEDEARS
2023-03-08T00:00:00-03:00,12830.0,15673764.0,12750.0,12600.0,12810.0,TEN,A-24HS,CEDEARS
2023-03-09T00:00:00-03:00,12710.0,45368896.0,12780.0,12696.0,13000.5,TEN,A-24HS,CEDEARS
2023-03-10T00:00:00-03:00,12566.5,17453468.0,12800.0,12571.5,12958.0,TEN,A-24HS,CEDEARS
2023-03-13T00:00:00-03:00,12212.0,8682328.0,12320.0,12152.0,12409.0,TEN,A-24HS,CEDEARS
2023-03-14T00:00:00-03:00,12269.0,6258681.5,12272.0,12095.0,12454.0,TEN,A-24HS,CEDEARS
2023-03-15T00:00:00-03:00,11337.5,66631108.0,11700.0,11128.0,11700.0,TEN,A-24HS,CEDEARS
2023-03-16T00:00:00-03:00,11599.5,21727320.0,11246.0,11125.5,11606.5,TEN,A-24HS,CEDEARS
2023-03-17T00:00:00-03:00,11381.5,29960030.0,11307.5,11280.0,11500.0,TEN,A-24HS,CEDEARS
2023-03-20T00:00:00-03:00,11465.0,13408025.0,11381.5,11381.5,11604.0,TEN,A-24HS,CEDEARS
2023-03-21T00:00:00-03:00,11866.5,54286244.0,11922.0,11712.0,11988.0,TEN,A-24HS,CEDEARS
2023-03-22T00:00:00-03:00,11420.0,98294136.0,11702.0,11404.0,11751.0,TEN,A-24HS,CEDEARS
2023-03-23T00:00:00-03:00,11001.0,47214016.0,11568.0,10900.5,11641.5,TEN,A-24HS,CEDEARS
2023-03-27T00:00:00-03:00,11172.5,18941234.0,11000.0,10862.0,11220.0,TEN,A-24HS,CEDEARS
2023-03-28T00:00:00-03:00,11264.5,38309468.0,11250.0,11239.5,11392.0,TEN,A-24HS,CEDEARS
2023-03-29T00:00:00-03:00,11330.5,3719848.5,11275.0,11214.0,11384.0,TEN,A-24HS,CEDEARS
2023-03-30T00:00:00-03:00,11407.5,17619550.0,11336.0,11332.0,11487.5,TEN,A-24HS,CEDEARS
2023-03-31T00:00:00-03:00,11560.5,45220928.0,11576.5,11450.0,11627.5,TEN,A-24HS,CEDEARS
2023-04-03T00:00:00-03:00,12036.5,50809252.0,12040.0,11950.0,12208.0,TEN,A-24HS,CEDEARS
2023-04-04T00:00:00-03:00,11713.5,56780632.0,11981.0,11673.0,12064.0,TEN,A-24HS,CEDEARS
2023-04-05T00:00:00-03:00,11600.5,34226664.0,12000.0,11489.0,12000.0,TEN,A-24HS,CEDEARS
2023-04-10T00:00:00-03:00,11485.0,39659652.0,11680.0,11438.0,11689.5,TEN,A-24HS,CEDEARS
2023-04-11T00:00:00-03:00,11591.5,64702264.0,11600.0,11564.0,11741.5,TEN,A-24HS,CEDEARS
2023-04-12T00:00:00-03:00,11679.5,53301212.0,11746.0,11623.0,11750.0,TEN,A-24HS,CEDEARS
2023-04-13T00:00:00-03:00,12048.0,34563060.0,11844.0,11844.0,12057.0,TEN,A-24HS,CEDEARS
2023-04-14T00:00:00-03:00,11888.5,33523784.0,12012.0,11800.0,12028.0,TEN,A-24HS,CEDEARS
2023-04-17T00:00:00-03:00,11995.5,97615808.0,11888.5,11856.5,12088.0,TEN,A-24HS,CEDEARS
2023-04-18T00:00:00-03:00,12410.5,70988688.0,12050.0,11930.0,12433.0,TEN,A-24HS,CEDEARS
2023-04-19T00:00:00-03:00,12512.5,34164628.0,12411.5,12229.5,12617.0,TEN,A-24HS,CEDEARS
2023-04-20T00:00:00-03:00,12536.0,59334872.0,12490.0,12243.5,12614.0,TEN,A-24HS,CEDEARS
2023-04-21T00:00:00-03:00,12993.0,35936616.0,12550.0,12390.0,13040.0,TEN,A-24HS,CEDEARS
2023-04-24T00:00:00-03:00,13839.5,97623384.0,13192.0,13063.5,13850.0,TEN,A-24HS,CEDEARS
2023-04-25T00:00:00-03:00,13349.0,110546696.0,13326.0,13305.0,13821.0,TEN,A-24HS,CEDEARS
2023-04-26T00:00:00-03:00,13430.0,43974800.0,13305.0,12938.0,13410.0,TEN,A-24HS,CEDEARS
2023-04-27T00:00:00-03:00,12714.5,67304024.0,13353.0,12690.0,13353.0,TEN,A-24HS,CEDEARS
2023-04-28T00:00:00-03:00,12979.0,50866408.0,12846.0,12846.0,13174.0,TEN,A-24HS,CEDEARS
2023-05-02T00:00:00-03:00,12549.5,52417584.0,12600.0,12339.5,12660.0,TEN,A-24HS,CEDEARS
2023-05-03T00:00:00-03:00,12042.5,176692080.0,12653.0,12020.0,12653.0,TEN,A-24HS,CEDEARS
2023-05-04T00:00:00-03:00,12062.5,211635136.0,12185.5,11976.0,12188.0,TEN,A-24HS,CEDEARS
2023-05-05T00:00:00-03:00,12479.5,122947296.0,12351.5,12276.0,12493.0,TEN,A-24HS,CEDEARS
2023-05-08T00:00:00-03:00,12683.5,58833916.0,12734.0,12496.0,12734.0,TEN,A-24HS,CEDEARS
2023-05-09T00:00:00-03:00,12447.0,34391444.0,12544.0,12405.5,12644.0,TEN,A-24HS,CEDEARS
2023-05-10T00:00:00-03:00,12135.0,61195984.0,12300.0,12011.0,12300.0,TEN,A-24HS,CEDEARS
2023-05-11T00:00:00-03:00,12022.5,99519760.0,11978.0,11854.0,12067.0,TEN,A-24HS,CEDEARS
2023-05-12T00:00:00-03:00,12427.0,180154080.0,12210.0,12152.0,12472.0,TEN,A-24HS,CEDEARS
2023-05-15T00:00:00-03:00,12606.5,26186486.0,12422.0,12382.5,12622.5,TEN,A-24HS,CEDEARS
2023-05-16T00:00:00-03:00,12630.5,67127256.0,12563.5,12522.5,12710.5,TEN,A-24HS,CEDEARS
2023-05-17T00:00:00-03:00,12995.0,52366536.0,12800.0,12800.0,12992.5,TEN,A-24HS,CEDEARS
2023-05-18T00:00:00-03:00,13203.5,34054364.0,12806.0,12725.0,13244.5,TEN,A-24HS,CEDEARS
2023-05-19T00:00:00-03:00,13214.0,34245800.0,13300.0,13166.0,13444.5,TEN,A-24HS,CEDEARS
2023-05-22T00:00:00-03:00,12991.0,77847128.0,13139.5,12870.0,13139.5,TEN,A-24HS,CEDEARS
2023-05-23T00:00:00-03:00,13102.5,48227896.0,13178.0,13025.0,13178.0,TEN,A-24HS,CEDEARS
2023-05-24T00:00:00-03:00,12939.5,14779726.0,13100.0,12900.0,13236.0,TEN,A-24HS,CEDEARS
2023-05-29T00:00:00-03:00,12800.0,16432415.0,12900.0,12330.5,13500.0,TEN,A-24HS,CEDEARS
2023-05-30T00:00:00-03:00,12453.5,55958388.0,12697.0,12367.0,12697.0,TEN,A-24HS,CEDEARS
2023-05-31T00:00:00-03:00,12112.5,101938400.0,12307.5,12063.5,12307.5,TEN,A-24HS,CEDEARS
2023-06-01T00:00:00-03:00,12756.0,92222032.0,12407.0,12258.5,12794.0,TEN,A-24HS,CEDEARS
2023-06-02T00:00:00-03:00,13235.0,99498080.0,12895.0,12895.0,13346.5,TEN,A-24HS,CEDEARS
2023-06-05T00:00:00-03:00,13239.5,122211528.0,13260.0,13154.5,13355.0,TEN,A-24HS,CEDEARS
2023-06-06T00:00:00-03:00,13451.5,80140848.0,13580.0,13187.0,13580.0,TEN,A-24HS,CEDEARS
2023-06-07T00:00:00-03:00,13717.5,161778880.0,13451.0,13394.0,13774.0,TEN,A-24HS,CEDEARS
2023-06-08T00:00:00-03:00,13862.0,115204856.0,13750.0,13700.0,13909.0,TEN,A-24HS,CEDEARS
2023-06-09T00:00:00-03:00,13750.5,53486036.0,13835.0,13717.0,13916.0,TEN,A-24HS,CEDEARS
2023-06-12T00:00:00-03:00,13715.0,195217120.0,13800.0,13627.0,13802.0,TEN,A-24HS,CEDEARS
2023-06-13T00:00:00-03:00,14071.0,179309248.0,14003.5,14003.5,14244.0,TEN,A-24HS,CEDEARS
2023-06-14T00:00:00-03:00,13980.0,25343352.0,14110.0,13926.5,14178.0,TEN,A-24HS,CEDEARS
2023-06-15T00:00:00-03:00,14404.5,74948800.0,14228.0,14228.0,14460.0,TEN,A-24HS,CEDEARS
2023-06-16T00:00:00-03:00,14291.0,82412976.0,14420.0,14232.5,14464.0,TEN,A-24HS,CEDEARS
2023-06-21T00:00:00-03:00,14311.5,42044896.0,14316.0,14132.0,14347.5,TEN,A-24HS,CEDEARS
2023-06-22T00:00:00-03:00,14341.5,40013180.0,14181.0,14181.0,14378.0,TEN,A-24HS,CEDEARS
2023-06-23T00:00:00-03:00,14512.5,87172600.0,14350.0,14234.0,14516.5,TEN,A-24HS,CEDEARS
2023-06-26T00:00:00-03:00,14515.5,86978544.0,14840.5,14455.0,14840.5,TEN,A-24HS,CEDEARS
2023-06-27T00:00:00-03:00,14515.0,95934016.0,14362.0,14351.5,14582.5,TEN,A-24HS,CEDEARS
2023-06-28T00:00:00-03:00,14383.5,64594540.0,14372.0,14355.0,14488.0,TEN,A-24HS,CEDEARS
2023-06-29T00:00:00-03:00,14856.5,251263520.0,14940.0,14766.5,15038.5,TEN,A-24HS,CEDEARS
2023-06-30T00:00:00-03:00,15377.5,182945600.0,15098.0,15098.0,15407.0,TEN,A-24HS,CEDEARS
2023-07-03T00:00:00-03:00,15480.0,161775808.0,15307.5,15111.5,16300.0,TEN,A-24HS,CEDEARS
2023-07-04T00:00:00-03:00,15704.5,30102104.0,15530.0,15500.0,16400.0,TEN,A-24HS,CEDEARS
2023-07-05T00:00:00-03:00,15162.0,185088240.0,15298.0,15065.0,15298.0,TEN,A-24HS,CEDEARS
2023-07-06T00:00:00-03:00,15006.0,205862304.0,14993.5,14820.0,15013.5,TEN,A-24HS,CEDEARS
2023-07-07T00:00:00-03:00,15606.5,202519024.0,15336.5,15256.0,15684.5,TEN,A-24HS,CEDEARS
2023-07-10T00:00:00-03:00,15552.0,153152224.0,15660.0,15394.5,15686.5,TEN,A-24HS,CEDEARS
2023-07-11T00:00:00-03:00,15965.0,98602328.0,15580.0,15580.0,15992.0,TEN,A-24HS,CEDEARS
2023-07-12T00:00:00-03:00,16438.5,156094160.0,16402.0,16332.5,16520.5,TEN,A-24HS,CEDEARS
2023-07-13T00:00:00-03:00,16870.0,74619800.0,16559.0,16559.0,16873.0,TEN,A-24HS,CEDEARS
2023-07-14T00:00:00-03:00,17185.5,96754528.0,16873.0,16830.5,17218.0,TEN,A-24HS,CEDEARS
2023-07-17T00:00:00-03:00,17007.0,46420712.0,17382.0,16980.0,17382.0,TEN,A-24HS,CEDEARS
2023-07-18T00:00:00-03:00,17092.5,32697014.0,17300.0,17058.5,17430.0,TEN,A-24HS,CEDEARS
2023-07-19T00:00:00-03:00,17050.0,90390376.0,17304.0,16954.5,17304.0,TEN,A-24HS,CEDEARS
2023-07-20T00:00:00-03:00,17545.5,60500152.0,17400.0,17400.0,17562.5,TEN,A-24HS,CEDEARS
2023-07-21T00:00:00-03:00,17730.5,75649504.0,17546.0,17487.5,17750.0,TEN,A-24HS,CEDEARS
2023-07-24T00:00:00-03:00,17818.5,83225864.0,17685.0,17685.0,17855.0,TEN,A-24HS,CEDEARS
2023-07-25T00:00:00-03:00,18034.5,103662680.0,17715.0,17632.0,18050.0,TEN,A-24HS,CEDEARS
2023-07-26T00:00:00-03:00,17955.0,62157672.0,17836.0,17704.0,18005.0,TEN,A-24HS,CEDEARS
2023-07-27T00:00:00-03:00,17878.0,52718568.0,17950.5,17869.0,18120.5,TEN,A-24HS,CEDEARS
2023-07-28T00:00:00-03:00,18163.5,51789552.0,18186.0,18025.0,18192.0,TEN,A-24HS,CEDEARS
2023-07-31T00:00:00-03:00,18455.0,37741956.0,18200.0,18200.0,18516.5,TEN,A-24HS,CEDEARS
2023-08-01T00:00:00-03:00,18832.5,77198304.0,18585.5,18500.0,18879.5,TEN,A-24HS,CEDEARS
2023-08-02T00:00:00-03:00,18755.5,44930368.0,18508.5,18401.5,18760.0,TEN,A-24HS,CEDEARS
2023-08-03T00:00:00-03:00,18408.0,776392256.0,18226.5,18108.5,18582.5,TEN,A-24HS,CEDEARS
2023-08-04T00:00:00-03:00,19199.0,259880224.0,19137.0,19088.0,19412.0,TEN,A-24HS,CEDEARS
2023-08-07T00:00:00-03:00,19562.0,44543448.0,18990.0,18990.0,19586.0,TEN,A-24HS,CEDEARS
2023-08-08T00:00:00-03:00,19722.0,86296456.0,19500.0,19500.0,19950.0,TEN,A-24HS,CEDEARS
2023-08-09T00:00:00-03:00,19928.0,115229680.0,20176.0,19897.5,20403.5,TEN,A-24HS,CEDEARS
2023-08-10T00:00:00-03:00,20171.5,59664272.0,20022.0,20022.0,20341.0,TEN,A-24HS,CEDEARS
2023-08-11T00:00:00-03:00,20258.0,92407320.0,20412.0,20025.5,20412.0,TEN,A-24HS,CEDEARS
2023-08-14T00:00:00-03:00,22040.0,209682368.0,20917.0,20917.0,22204.0,TEN,A-24HS,CEDEARS
2023-08-15T00:00:00-03:00,23394.0,65318248.0,22062.5,22048.5,23376.0,TEN,A-24HS,CEDEARS
2023-08-16T00:00:00-03:00,23849.5,97828512.0,23500.0,23500.0,24003.0,TEN,A-24HS,CEDEARS
2023-08-17T00:00:00-03:00,24478.0,71431240.0,24131.5,24063.5,24712.5,TEN,A-24HS,CEDEARS
2023-08-18T00:00:00-03:00,24793.0,109653184.0,24644.0,24481.5,24842.0,TEN,A-24HS,CEDEARS
2023-08-22T00:00:00-03:00,24519.0,89755192.0,24500.0,24436.5,25010.0,TEN,A-24HS,CEDEARS
2023-08-23T00:00:00-03:00,24547.5,206253344.0,24348.0,24136.0,24625.0,TEN,A-24HS,CEDEARS
2023-08-24T00:00:00-03:00,24751.0,215892816.0,24580.0,24565.0,24933.0,TEN,A-24HS,CEDEARS
2023-08-25T00:00:00-03:00,24970.5,83611384.0,24800.0,24731.0,25056.0,TEN,A-24HS,CEDEARS
2023-08-28T00:00:00-03:00,25805.5,59004348.0,25269.0,25269.0,25833.0,TEN,A-24HS,CEDEARS
2023-08-29T00:00:00-03:00,26751.5,67143856.0,26500.0,26137.0,26830.0,TEN,A-24HS,CEDEARS
2023-08-30T00:00:00-03:00,26624.0,194209696.0,27360.0,26187.0,27360.0,TEN,A-24HS,CEDEARS
2023-08-31T00:00:00-03:00,24856.0,129025328.0,26175.5,24700.0,26175.5,TEN,A-24HS,CEDEARS
2023-09-01T00:00:00-03:00,24757.0,40821292.0,25473.0,24676.0,25476.0,TEN,A-24HS,CEDEARS
2023-09-04T00:00:00-03:00,24780.0,31908244.0,24750.0,22998.0,25251.0,TEN,A-24HS,CEDEARS
2023-09-05T00:00:00-03:00,24345.5,108824840.0,24918.0,24030.5,24945.5,TEN,A-24HS,CEDEARS
2023-09-06T00:00:00-03:00,24422.0,97884336.0,23372.0,23372.0,24732.0,TEN,A-24HS,CEDEARS
2023-09-07T00:00:00-03:00,23228.5,162370016.0,24450.0,23223.5,24450.0,TEN,A-24HS,CEDEARS
2023-09-08T00:00:00-03:00,23523.5,220837216.0,23499.0,23436.0,23795.5,TEN,A-24HS,CEDEARS
2023-09-11T00:00:00-03:00,23700.0,51143480.0,23752.0,23555.0,23865.5,TEN,A-24HS,CEDEARS
2023-09-12T00:00:00-03:00,24126.5,44539864.0,24000.0,23766.0,24135.5,TEN,A-24HS,CEDEARS
2023-09-13T00:00:00-03:00,23813.0,45628796.0,24128.0,23750.0,24241.5,TEN,A-24HS,CEDEARS
2023-09-14T00:00:00-03:00,24388.0,27047022.0,24765.5,24244.5,24765.5,TEN,A-24HS,CEDEARS
2023-09-15T00:00:00-03:00,24138.5,48568224.0,23500.0,23500.0,24564.0,TEN,A-24HS,CEDEARS
2023-09-18T00:00:00-03:00,23991.0,40363740.0,24249.0,23850.0,24249.0,TEN,A-24HS,CEDEARS
2023-09-19T00:00:00-03:00,23677.5,66480488.0,23973.0,23585.5,23973.0,TEN,A-24HS,CEDEARS
2023-09-20T00:00:00-03:00,23699.5,50545696.0,23300.0,23300.0,23980.5,TEN,A-24HS,CEDEARS
2023-09-21T00:00:00-03:00,23329.0,27227884.0,23800.0,23200.0,23800.0,TEN,A-24HS,CEDEARS
2023-09-22T00:00:00-03:00,23392.0,117480040.0,23600.0,23213.5,23732.0,TEN,A-24HS,CEDEARS
2023-09-25T00:00:00-03:00,23745.0,94082416.0,23371.5,23233.0,23822.0,TEN,A-24HS,CEDEARS
2023-09-26T00:00:00-03:00,23929.5,46056112.0,23712.0,23642.5,24238.0,TEN,A-24HS,CEDEARS
2023-09-27T00:00:00-03:00,25133.5,59768148.0,24338.5,24338.5,25203.0,TEN,A-24HS,CEDEARS
2023-09-28T00:00:00-03:00,26311.5,59494752.0,24706.0,24706.0,26316.0,TEN,A-24HS,CEDEARS
2023-09-29T00:00:00-03:00,25970.5,132098952.0,26314.0,25500.0,26453.0,TEN,A-24HS,CEDEARS
2023-10-02T00:00:00-03:00,25266.5,121994064.0,25435.0,25193.0,25550.0,TEN,A-24HS,CEDEARS
2023-10-03T00:00:00-03:00,26421.5,136537104.0,25267.0,25087.5,26577.0,TEN,A-24HS,CEDEARS
2023-10-04T00:00:00-03:00,27208.5,109450936.0,26122.0,25700.0,27315.0,TEN,A-24HS,CEDEARS
2023-10-05T00:00:00-03:00,26191.0,57554352.0,27500.0,25000.0,28162.5,TEN,A-24HS,CEDEARS
2023-10-06T00:00:00-03:00,26715.0,68909168.0,27165.5,26715.5,28003.5,TEN,A-24HS,CEDEARS
2023-10-09T00:00:00-03:00,28532.0,276664224.0,27780.0,27780.0,29099.0,TEN,A-24HS,CEDEARS
2023-10-10T00:00:00-03:00,30957.5,349311040.0,28600.0,28600.0,32097.5,TEN,A-24HS,CEDEARS
2023-10-11T00:00:00-03:00,30612.0,347388352.0,32000.0,29064.5,32000.0,TEN,A-24HS,CEDEARS
2023-10-12T00:00:00-03:00,30882.0,262212064.0,30550.0,30550.0,31600.0,TEN,A-24HS,CEDEARS
2023-10-17T00:00:00-03:00,32461.5,234510448.0,32432.5,32200.0,33554.0,TEN,A-24HS,CEDEARS
2023-10-18T00:00:00-03:00,31913.0,147044768.0,33239.5,31535.0,33239.5,TEN,A-24HS,CEDEARS
2023-10-19T00:00:00-03:00,31310.5,180856448.0,31502.5,31000.0,32141.5,TEN,A-24HS,CEDEARS
2023-10-20T00:00:00-03:00,33920.5,200613120.0,32000.0,31443.0,35917.5,TEN,A-24HS,CEDEARS
2023-10-23T00:00:00-03:00,29434.0,90183024.0,33600.0,29000.0,33600.0,TEN,A-24HS,CEDEARS
2023-10-24T00:00:00-03:00,28100.0,58699120.0,30610.0,28100.0,31304.0,TEN,A-24HS,CEDEARS
2023-10-25T00:00:00-03:00,29451.5,83579464.0,29019.5,26714.0,29535.5,TEN,A-24HS,CEDEARS
2023-10-26T00:00:00-03:00,27852.5,59553140.0,29472.0,27391.0,29472.0,TEN,A-24HS,CEDEARS
2023-10-27T00:00:00-03:00,26888.5,30372982.0,27500.0,26621.5,27950.0,TEN,A-24HS,CEDEARS
2023-10-30T00:00:00-03:00,26403.5,52354616.0,27500.0,26445.0,27500.0,TEN,A-24HS,CEDEARS
2023-10-31T00:00:00-03:00,27015.0,22395976.0,27000.0,26271.0,27015.0,TEN,A-24HS,CEDEARS
2023-11-01T00:00:00-03:00,28065.5,50449072.0,26481.0,26481.0,28125.0,TEN,A-24HS,CEDEARS
2023-11-02T00:00:00-03:00,30435.0,152578512.0,30903.5,30051.5,31270.0,TEN,A-24HS,CEDEARS
2023-11-03T00:00:00-03:00,30299.5,137545888.0,30734.5,29326.5,30734.5,TEN,A-24HS,CEDEARS
2023-11-07T00:00:00-03:00,29549.5,54977276.0,30600.0,29366.0,31601.5,TEN,A-24HS,CEDEARS
2023-11-08T00:00:00-03:00,28057.5,71741776.0,30052.0,27897.0,30052.0,TEN,A-24HS,CEDEARS
2023-11-09T00:00:00-03:00,29500.0,32421408.0,28500.0,28490.0,29588.5,TEN,A-24HS,CEDEARS
2023-11-10T00:00:00-03:00,30282.5,112941576.0,30216.5,30183.5,30984.5,TEN,A-24HS,CEDEARS
2023-11-13T00:00:00-03:00,30659.5,48360992.0,31400.0,30000.0,31400.0,TEN,A-24HS,CEDEARS
2023-11-14T00:00:00-03:00,30631.0,52625784.0,31656.5,30406.0,31656.5,TEN,A-24HS,CEDEARS
2023-11-15T00:00:00-03:00,30360.5,43786140.0,30631.0,30316.0,31034.0,TEN,A-24HS,CEDEARS
2023-11-16T00:00:00-03:00,29020.0,63072048.0,30500.0,28881.0,30880.0,TEN,A-24HS,CEDEARS
2023-11-17T00:00:00-03:00,30981.5,70392448.0,29562.0,26267.5,31500.0,TEN,A-24HS,CEDEARS
2023-11-21T00:00:00-03:00,29996.5,64291744.0,36000.0,28333.0,36000.0,TEN,A-24HS,CEDEARS
2023-11-22T00:00:00-03:00,33943.0,36075080.0,30100.0,28500.0,35350.0,TEN,A-24HS,CEDEARS
2023-11-23T00:00:00-03:00,34936.5,23177636.0,35895.0,30717.0,35895.0,TEN,A-24HS,CEDEARS
2023-11-24T00:00:00-03:00,33308.0,87646248.0,34935.0,31550.0,35000.0,TEN,A-24HS,CEDEARS
2023-11-27T00:00:00-03:00,29080.5,180788160.0,32820.0,27615.0,32820.0,TEN,A-24HS,CEDEARS
2023-11-28T00:00:00-03:00,28292.5,63255060.0,30500.0,27084.0,30500.0,TEN,A-24HS,CEDEARS
2023-11-29T00:00:00-03:00,27683.5,203324800.0,28900.0,27162.5,30299.5,TEN,A-24HS,CEDEARS
2023-11-30T00:00:00-03:00,28804.5,75317680.0,28400.0,28005.0,29330.5,TEN,A-24HS,CEDEARS
2023-12-01T00:00:00-03:00,31501.0,73411168.0,29500.0,28850.0,31737.0,TEN,A-24HS,CEDEARS
2023-12-04T00:00:00-03:00,31071.0,54173876.0,30500.0,30100.0,32700.0,TEN,A-24HS,CEDEARS
2023-12-05T00:00:00-03:00,31141.5,49817448.0,30781.0,29903.0,31304.0,TEN,A-24HS,CEDEARS
2023-12-06T00:00:00-03:00,31588.0,121239888.0,31410.0,30450.0,32690.0,TEN,A-24HS,CEDEARS
2023-12-07T00:00:00-03:00,33609.0,116564224.0,32700.0,31013.0,33783.5,TEN,A-24HS,CEDEARS
2023-12-11T00:00:00-03:00,34165.5,119959624.0,34500.0,32000.0,36510.0,TEN,A-24HS,CEDEARS
2023-12-12T00:00:00-03:00,34150.0,168578800.0,34175.0,32992.0,36998.0,TEN,A-24HS,CEDEARS
2023-12-13T00:00:00-03:00,34267.0,94942976.0,34200.0,31291.0,37867.0,TEN,A-24HS,CEDEARS
2023-12-14T00:00:00-03:00,34994.0,73925336.0,35000.0,33390.5,35000.0,TEN,A-24HS,CEDEARS
2023-12-15T00:00:00-03:00,34035.5,87883488.0,34500.0,33480.0,35000.0,TEN,A-24HS,CEDEARS
2023-12-18T00:00:00-03:00,32709.0,101542936.0,34000.0,32532.0,35000.0,TEN,A-24HS,CEDEARS
2023-12-19T00:00:00-03:00,33338.5,197793440.0,32700.0,32583.0,34797.0,TEN,A-24HS,CEDEARS
2023-12-20T00:00:00-03:00,32669.0,103759440.0,33000.0,32672.0,33706.0,TEN,A-24HS,CEDEARS
2023-12-21T00:00:00-03:00,33418.0,156349104.0,31362.5,31362.5,33884.0,TEN,A-24HS,CEDEARS
2023-12-22T00:00:00-03:00,33175.5,88070824.0,33420.0,32948.0,33986.0,TEN,A-24HS,CEDEARS
2023-12-26T00:00:00-03:00,32074.5,272867776.0,34000.0,31917.0,34000.0,TEN,A-24HS,CEDEARS
2023-12-27T00:00:00-03:00,31003.0,176548304.0,32070.0,30753.0,32701.5,TEN,A-24HS,CEDEARS
2023-12-28T00:00:00-03:00,33037.0,74144848.0,31450.0,31013.0,33293.0,TEN,A-24HS,CEDEARS
2023-12-29T00:00:00-03:00,33947.0,96917768.0,33149.5,32611.0,34679.5,TEN,A-24HS,CEDEARS
2024-01-02T00:00:00-03:00,34610.0,59763304.0,33900.0,33076.0,34817.5,TEN,A-24HS,CEDEARS
2024-01-03T00:00:00-03:00,36165.5,54265356.0,34700.0,33618.0,36233.0,TEN,A-24HS,CEDEARS
2024-01-04T00:00:00-03:00,36920.5,76641312.0,36644.5,35906.0,37198.0,TEN,A-24HS,CEDEARS
2024-01-05T00:00:00-03:00,38580.0,99610232.0,37000.0,37000.0,38606.5,TEN,A-24HS,CEDEARS
2024-01-08T00:00:00-03:00,40200.0,67109168.0,39303.5,38126.0,40194.0,TEN,A-24HS,CEDEARS
2024-01-09T00:00:00-03:00,39447.5,61633592.0,40000.0,38839.0,41232.5,TEN,A-24HS,CEDEARS
2024-01-10T00:00:00-03:00,38148.0,100530856.0,39000.5,38000.0,39927.5,TEN,A-24HS,CEDEARS
2024-01-11T00:00:00-03:00,37124.5,178042592.0,39000.0,37032.5,39000.0,TEN,A-24HS,CEDEARS
2024-01-12T00:00:00-03:00,36828.5,106491896.0,38000.0,36106.0,38000.0,TEN,A-24HS,CEDEARS
2024-01-15T00:00:00-03:00,38603.0,54691108.0,36828.5,36828.5,38780.0,TEN,A-24HS,CEDEARS
2024-01-16T00:00:00-03:00,38224.5,265421664.0,38900.0,36537.0,39000.0,TEN,A-24HS,CEDEARS
2024-01-17T00:00:00-03:00,39939.0,182690960.0,38224.5,37000.0,40505.5,TEN,A-24HS,CEDEARS
2024-01-18T00:00:00-03:00,40237.5,54103892.0,40617.5,40000.5,41200.0,TEN,A-24HS,CEDEARS
2024-01-19T00:00:00-03:00,41400.0,103354912.0,40240.0,40225.0,41450.0,TEN,A-24HS,CEDEARS
2024-01-22T00:00:00-03:00,41973.0,184302416.0,41770.0,41295.0,42000.0,TEN,A-24HS,CEDEARS
2024-01-23T00:00:00-03:00,41158.5,154805440.0,41800.0,41089.0,42235.0,TEN,A-24HS,CEDEARS
2024-01-24T00:00:00-03:00,42195.0,63307164.0,41050.0,40458.5,42222.5,TEN,A-24HS,CEDEARS
2024-01-25T00:00:00-03:00,41508.5,45516828.0,42195.0,41375.0,43555.0,TEN,A-24HS,CEDEARS
2024-01-26T00:00:00-03:00,40724.5,147983488.0,41450.0,40450.0,41667.5,TEN,A-24HS,CEDEARS
2024-01-29T00:00:00-03:00,40908.0,494940544.0,42401.0,39184.0,42401.0,TEN,A-24HS,CEDEARS
2024-01-30T00:00:00-03:00,40972.5,200389520.0,40925.5,39910.0,40985.5,TEN,A-24HS,CEDEARS
2024-01-31T00:00:00-03:00,40015.5,253772272.0,40970.0,39230.5,41561.5,TEN,A-24HS,CEDEARS
2024-02-01T00:00:00-03:00,41408.0,307906784.0,40500.0,39927.0,41480.5,TEN,A-24HS,CEDEARS
2024-02-02T00:00:00-03:00,40963.0,104198856.0,43000.0,41280.0,43731.0,TEN,A-24HS,CEDEARS
2024-02-05T00:00:00-03:00,40617.5,24409724.0,42000.0,40160.0,42000.0,TEN,A-24HS,CEDEARS
2024-02-06T00:00:00-03:00,39911.0,64689628.0,42000.0,39814.0,42000.0,TEN,A-24HS,CEDEARS
2024-02-07T00:00:00-03:00,39870.0,97855928.0,39930.0,39578.5,40608.5,TEN,A-24HS,CEDEARS
2024-02-08T00:00:00-03:00,39732.0,39002432.0,39600.5,39493.0,40460.0,TEN,A-24HS,CEDEARS
2024-02-09T00:00:00-03:00,39051.0,61945100.0,39653.0,39050.0,40049.0,TEN,A-24HS,CEDEARS
2024-02-14T00:00:00-03:00,37409.0,167620544.0,38999.0,36939.5,39500.0,TEN,A-24HS,CEDEARS
2024-02-15T00:00:00-03:00,37482.5,33279208.0,37500.0,37121.0,37784.0,TEN,A-24HS,CEDEARS
2024-02-16T00:00:00-03:00,36167.5,84428400.0,37000.0,35462.5,37000.0,TEN,A-24HS,CEDEARS
2024-02-19T00:00:00-03:00,35640.5,13499052.0,36069.0,34150.5,36500.0,TEN,A-24HS,CEDEARS
2024-02-20T00:00:00-03:00,36154.0,79712520.0,36539.5,35820.0,37249.5,TEN,A-24HS,CEDEARS
2024-02-21T00:00:00-03:00,36192.0,56246252.0,36154.5,35669.0,38919.0,TEN,A-24HS,CEDEARS
2024-02-22T00:00:00-03:00,38370.0,204976864.0,38001.5,38001.5,40600.0,TEN,A-24HS,CEDEARS
2024-02-23T00:00:00-03:00,39876.0,102844768.0,39999.5,37821.0,40000.0,TEN,A-24HS,CEDEARS
2024-02-26T00:00:00-03:00,39318.0,31728436.0,39870.0,37000.0,39981.0,TEN,A-24HS,CEDEARS
2024-02-27T00:00:00-03:00,39185.5,93752560.0,39680.0,39180.5,39694.0,TEN,A-24HS,CEDEARS
2024-02-28T00:00:00-03:00,38429.0,156287008.0,39382.0,38235.5,40685.5,TEN,A-24HS,CEDEARS
2024-02-29T00:00:00-03:00,37498.5,63022728.0,37000.0,37000.0,38832.5,TEN,A-24HS,CEDEARS
2024-03-01T00:00:00-03:00,38609.0,79332016.0,38500.0,37975.5,40342.5,TEN,A-24HS,CEDEARS
2024-03-04T00:00:00-03:00,37813.5,62473944.0,39999.0,37479.5,39999.0,TEN,A-24HS,CEDEARS
2024-03-05T00:00:00-03:00,38363.0,121847528.0,37810.0,37810.0,39690.0,TEN,A-24HS,CEDEARS
2024-03-06T00:00:00-03:00,37955.0,113292112.0,38274.0,36880.0,39017.0,TEN,A-24HS,CEDEARS
2024-03-07T00:00:00-03:00,38611.0,135012752.0,38356.0,38356.0,39076.0,TEN,A-24HS,CEDEARS
2024-03-08T00:00:00-03:00,39350.0,149581984.0,39000.0,38700.0,39730.0,TEN,A-24HS,CEDEARS
2024-03-11T00:00:00-03:00,38780.5,78279888.0,39226.5,38622.5,39291.0,TEN,A-24HS,CEDEARS
2024-03-12T00:00:00-03:00,40944.5,154503744.0,38781.0,38781.0,42000.0,TEN,A-24HS,CEDEARS
2024-03-13T00:00:00-03:00,41027.0,101839432.0,40928.5,40880.5,42390.0,TEN,A-24HS,CEDEARS
2024-03-14T00:00:00-03:00,41099.5,93147064.0,41800.0,40870.5,41800.0,TEN,A-24HS,CEDEARS
2024-03-15T00:00:00-03:00,41405.5,22930298.0,41100.0,40859.5,41453.5,TEN,A-24HS,CEDEARS
2024-03-18T00:00:00-03:00,41441.0,292559744.0,41455.0,40805.0,41567.5,TEN,A-24HS,CEDEARS
2024-03-19T00:00:00-03:00,42399.5,109612856.0,41923.0,41584.0,42559.0,TEN,A-24HS,CEDEARS
2024-03-20T00:00:00-03:00,43279.0,198592592.0,42920.0,42296.0,43299.0,TEN,A-24HS,CEDEARS
2024-03-21T00:00:00-03:00,43411.0,79375456.0,43619.5,42995.0,43674.0,TEN,A-24HS,CEDEARS
2024-03-22T00:00:00-03:00,43233.5,92160624.0,43505.5,43080.0,43761.0,TEN,A-24HS,CEDEARS
2024-03-25T00:00:00-03:00,42700.0,44081384.0,43233.5,42752.0,43459.5,TEN,A-24HS,CEDEARS
2024-03-26T00:00:00-03:00,43495.0,69254320.0,43215.0,43128.0,43780.5,TEN,A-24HS,CEDEARS
2024-03-27T00:00:00-03:00,43041.0,49049828.0,43550.0,42785.0,43986.0,TEN,A-24HS,CEDEARS
2024-04-03T00:00:00-03:00,43248.0,175976608.0,42000.5,42000.5,43404.5,TEN,A-24HS,CEDEARS
2024-04-04T00:00:00-03:00,42092.5,54394420.0,43295.0,41949.0,43900.0,TEN,A-24HS,CEDEARS
2024-04-05T00:00:00-03:00,41935.5,68930432.0,42500.0,40916.0,42500.0,TEN,A-24HS,CEDEARS
2024-04-08T00:00:00-03:00,41680.0,59469840.0,41935.5,41500.0,42237.5,TEN,A-24HS,CEDEARS
2024-04-09T00:00:00-03:00,41264.5,85432512.0,41725.0,41067.0,41725.0,TEN,A-24HS,CEDEARS
2024-04-10T00:00:00-03:00,41692.5,87229824.0,41316.0,41207.0,41781.5,TEN,A-24HS,CEDEARS
2024-04-11T00:00:00-03:00,41253.0,55780160.0,41500.0,41077.0,41600.0,TEN,A-24HS,CEDEARS
2024-04-12T00:00:00-03:00,40406.5,58519732.0,41100.0,40372.5,41427.0,TEN,A-24HS,CEDEARS
2024-04-15T00:00:00-03:00,40984.5,100697640.0,40695.5,40401.0,41230.5,TEN,A-24HS,CEDEARS
2024-04-16T00:00:00-03:00,40927.0,123643280.0,40405.0,40405.0,41119.0,TEN,A-24HS,CEDEARS
2024-04-17T00:00:00-03:00,40590.0,33032916.0,41100.0,40380.0,41307.0,TEN,A-24HS,CEDEARS
2024-04-18T00:00:00-03:00,39857.5,62587632.0,40364.0,39657.0,40397.0,TEN,A-24HS,CEDEARS
2024-04-19T00:00:00-03:00,40450.5,38982668.0,39850.0,39850.0,40563.0,TEN,A-24HS,CEDEARS
2024-04-22T00:00:00-03:00,39971.0,60876224.0,40197.5,39902.0,40249.5,TEN,A-24HS,CEDEARS
2024-04-23T00:00:00-03:00,39876.0,35874708.0,39742.5,39476.5,39823.0,TEN,A-24HS,CEDEARS
2024-04-24T00:00:00-03:00,39412.0,98115688.0,39876.0,39142.5,39876.0,TEN,A-24HS,CEDEARS
2024-04-25T00:00:00-03:00,40521.0,250608368.0,39200.0,39000.0,40573.5,TEN,A-24HS,CEDEARS
2024-04-26T00:00:00-03:00,37606.5,582750144.0,38200.0,37060.5,38200.0,TEN,A-24HS,CEDEARS
2024-04-29T00:00:00-03:00,37133.5,169623200.0,37700.0,36820.0,37700.0,TEN,A-24HS,CEDEARS
2024-04-30T00:00:00-03:00,36149.0,155984528.0,37575.0,36100.0,37575.0,TEN,A-24HS,CEDEARS
2024-05-02T00:00:00-03:00,37542.5,103874936.0,36170.5,36121.5,37586.5,TEN,A-24HS,CEDEARS
2024-05-03T00:00:00-03:00,37810.0,74924776.0,37501.0,37135.5,38041.0,TEN,A-24HS,CEDEARS
2024-05-06T00:00:00-03:00,37927.5,150323152.0,38461.5,37776.0,38461.5,TEN,A-24HS,CEDEARS
2024-05-07T00:00:00-03:00,37488.5,45932208.0,38117.5,37454.0,38117.5,TEN,A-24HS,CEDEARS
2024-05-08T00:00:00-03:00,36369.5,171387632.0,37500.0,36286.0,37500.0,TEN,A-24HS,CEDEARS
2024-05-09T00:00:00-03:00,37597.5,59507528.0,36872.0,36849.0,37622.5,TEN,A-24HS,CEDEARS
2024-05-10T00:00:00-03:00,36800.0,87580896.0,37597.0,36785.0,37597.0,TEN,A-24HS,CEDEARS
2024-05-13T00:00:00-03:00,37347.5,99971256.0,37196.0,37090.5,37436.5,TEN,A-24HS,CEDEARS
2024-05-14T00:00:00-03:00,38186.0,158901456.0,37952.0,37482.5,38213.0,TEN,A-24HS,CEDEARS
2024-05-15T00:00:00-03:00,38671.0,51710528.0,38186.0,37883.0,38680.0,TEN,A-24HS,CEDEARS
2024-05-16T00:00:00-03:00,38600.0,48789428.0,38700.0,38180.0,38700.0,TEN,A-24HS,CEDEARS
2024-05-17T00:00:00-03:00,38777.0,140990832.0,38600.0,38351.5,38955.0,TEN,A-24HS,CEDEARS
2024-05-20T00:00:00-03:00,39456.0,84060720.0,38000.0,37774.5,39542.0,TEN,A-24HS,CEDEARS
2024-05-21T00:00:00-03:00,41265.0,84920352.0,40100.0,39559.5,41350.0,TEN,A-24HS,CEDEARS
2024-05-22T00:00:00-03:00,42243.5,350053088.0,41265.0,40965.5,42500.0,TEN,A-24HS,CEDEARS
2024-05-23T00:00:00-03:00,42099.5,56545248.0,42280.0,41280.0,43650.5,TEN,A-24HS,CEDEARS
2024-05-24T00:00:00-03:00,41344.5,151047680.0,42000.0,41048.0,43199.0,TEN,A-24HS,CEDEARS
2024-05-27T00:00:00-03:00,42450.0,17694636.0,41900.0,39000.0,42500.0,TEN,A-24HS,CEDEARS
2024-05-28T00:00:00-03:00,42452.5,168837872.0,42500.0,41760.0,43000.0,TEN,A-24HS,CEDEARS
2024-05-29T00:00:00-03:00,40096.0,255725248.0,41611.0,39711.0,41611.0,TEN,A-24HS,CEDEARS
2024-05-30T00:00:00-03:00,39794.0,268434048.0,41000.0,39293.5,41000.0,TEN,A-24HS,CEDEARS
2024-05-31T00:00:00-03:00,41003.5,600094016.0,39612.5,39612.5,41150.0,TEN,A-24HS,CEDEARS
2024-06-03T00:00:00-03:00,41931.5,125754960.0,41076.0,40542.0,42047.0,TEN,A-24HS,CEDEARS
2024-06-04T00:00:00-03:00,42313.0,69194456.0,41931.0,41815.0,43257.0,TEN,A-24HS,CEDEARS
2024-06-05T00:00:00-03:00,42085.0,61555048.0,42370.0,41480.0,42500.0,TEN,A-24HS,CEDEARS
2024-06-06T00:00:00-03:00,41920.0,41183200.0,42700.0,41760.5,42700.0,TEN,A-24HS,CEDEARS
2024-06-07T00:00:00-03:00,42116.0,81100504.0,42000.0,41520.5,42280.0,TEN,A-24HS,CEDEARS
2024-06-10T00:00:00-03:00,42350.0,57470192.0,42073.0,41844.0,42550.0,TEN,A-24HS,CEDEARS
2024-06-11T00:00:00-03:00,42000.5,56762136.0,42000.0,41455.0,42000.0,TEN,A-24HS,CEDEARS
2024-06-12T00:00:00-03:00,41391.5,117945032.0,41972.5,41200.5,42400.0,TEN,A-24HS,CEDEARS
2024-06-13T00:00:00-03:00,39894.5,233644832.0,41200.0,38770.5,41389.5,TEN,A-24HS,CEDEARS
2024-06-14T00:00:00-03:00,38779.5,63116628.0,40000.0,38385.0,40000.0,TEN,A-24HS,CEDEARS
2024-06-18T00:00:00-03:00,39398.5,69773944.0,40000.0,38600.5,40619.5,TEN,A-24HS,CEDEARS
2024-06-19T00:00:00-03:00,40008.5,50006748.0,40800.0,38000.0,41000.0,TEN,A-24HS,CEDEARS
2024-06-24T00:00:00-03:00,41001.0,126671968.0,40000.0,39320.0,41354.5,TEN,A-24HS,CEDEARS
2024-06-25T00:00:00-03:00,40473.0,108638392.0,40558.0,40077.0,40605.0,TEN,A-24HS,CEDEARS
2024-06-26T00:00:00-03:00,40558.5,120523040.0,40400.0,39550.0,40583.0,TEN,A-24HS,CEDEARS
2024-06-27T00:00:00-03:00,40183.5,185555568.0,40500.0,39735.0,40937.5,TEN,A-24HS,CEDEARS
2024-06-28T00:00:00-03:00,41379.5,198898448.0,40511.0,40511.0,41504.0,TEN,A-24HS,CEDEARS
2024-07-01T00:00:00-03:00,43464.5,178594896.0,41707.5,41707.5,43536.0,TEN,A-24HS,CEDEARS
2024-07-02T00:00:00-03:00,44111.5,210931280.0,43500.0,43500.0,44772.5,TEN,A-24HS,CEDEARS
2024-07-03T00:00:00-03:00,43732.5,65506160.0,44100.0,43039.0,44600.0,TEN,A-24HS,CEDEARS
2024-07-04T00:00:00-03:00,43989.0,18379992.0,44999.0,42601.0,44999.0,TEN,A-24HS,CEDEARS
2024-07-05T00:00:00-03:00,43197.0,186707088.0,45000.0,42824.0,45000.0,TEN,A-24HS,CEDEARS
2024-07-08T00:00:00-03:00,42608.0,55977776.0,43180.0,42201.5,43347.0,TEN,A-24HS,CEDEARS
2024-07-10T00:00:00-03:00,43000.0,62557552.0,42800.0,42225.0,43100.0,TEN,A-24HS,CEDEARS
2024-07-11T00:00:00-03:00,44200.0,389023264.0,43425.0,42875.0,44300.0,TEN,A-24HS,CEDEARS
2024-07-12T00:00:00-03:00,44575.0,315553888.0,44700.0,44375.0,44850.0,TEN,A-24HS,CEDEARS
2024-07-15T00:00:00-03:00,41425.0,202164624.0,43300.0,41325.0,43400.0,TEN,A-24HS,CEDEARS
2024-07-16T00:00:00-03:00,40875.0,172392832.0,41500.0,39150.0,41500.0,TEN,A-24HS,CEDEARS
2024-07-17T00:00:00-03:00,41425.0,346201504.0,41350.0,41050.0,41750.0,TEN,A-24HS,CEDEARS
2024-07-18T00:00:00-03:00,42475.0,242702880.0,42075.0,42000.0,42650.0,TEN,A-24HS,CEDEARS
2024-07-19T00:00:00-03:00,42100.0,248832176.0,42475.0,41800.0,42475.0,TEN,A-24HS,CEDEARS
2024-07-22T00:00:00-03:00,42050.0,223699632.0,42100.0,41925.0,42450.0,TEN,A-24HS,CEDEARS
2024-07-23T00:00:00-03:00,41725.0,248365872.0,41900.0,41500.0,42100.0,TEN,A-24HS,CEDEARS
2024-07-24T00:00:00-03:00,41525.0,271713760.0,41725.0,41375.0,42000.0,TEN,A-24HS,CEDEARS
2024-07-25T00:00:00-03:00,42050.0,94035728.0,41550.0,41475.0,42375.0,TEN,A-24HS,CEDEARS
2024-07-26T00:00:00-03:00,41950.0,36204576.0,42400.0,41600.0,42450.0,TEN,A-24HS,CEDEARS
2024-07-29T00:00:00-03:00,40750.0,54069700.0,41775.0,40600.0,41900.0,TEN,A-24HS,CEDEARS
2024-07-30T00:00:00-03:00,39700.0,63795324.0,40825.0,39600.0,40825.0,TEN,A-24HS,CEDEARS
2024-07-31T00:00:00-03:00,40900.0,124077104.0,39625.0,39275.0,41125.0,TEN,A-24HS,CEDEARS
2024-08-01T00:00:00-03:00,37500.0,407384160.0,38050.0,37125.0,38300.0,TEN,A-24HS,CEDEARS
2024-08-02T00:00:00-03:00,37125.0,93139552.0,38175.0,36725.0,38325.0,TEN,A-24HS,CEDEARS
2024-08-05T00:00:00-03:00,37700.0,149652848.0,39000.0,35675.0,39000.0,TEN,A-24HS,CEDEARS
2024-08-06T00:00:00-03:00,37150.0,430158976.0,37775.0,36750.0,37775.0,TEN,A-24HS,CEDEARS
2024-08-07T00:00:00-03:00,36950.0,196261872.0,38000.0,36825.0,38000.0,TEN,A-24HS,CEDEARS
2024-08-08T00:00:00-03:00,36475.0,113429600.0,36800.0,36400.0,37075.0,TEN,A-24HS,CEDEARS
2024-08-09T00:00:00-03:00,36125.0,83192896.0,36325.0,36000.0,36350.0,TEN,A-24HS,CEDEARS
2024-08-12T00:00:00-03:00,36000.0,116878328.0,36125.0,35875.0,36400.0,TEN,A-24HS,CEDEARS
2024-08-13T00:00:00-03:00,35650.0,54568876.0,35900.0,35450.0,35900.0,TEN,A-24HS,CEDEARS
2024-08-14T00:00:00-03:00,35525.0,137882048.0,35625.0,35075.0,35725.0,TEN,A-24HS,CEDEARS
2024-08-15T00:00:00-03:00,36250.0,213346048.0,35600.0,35375.0,36350.0,TEN,A-24HS,CEDEARS
2024-08-16T00:00:00-03:00,36425.0,157897456.0,36500.0,35825.0,36775.0,TEN,A-24HS,CEDEARS
2024-08-19T00:00:00-03:00,36525.0,65680952.0,35000.0,35000.0,37075.0,TEN,A-24HS,CEDEARS
2024-08-20T00:00:00-03:00,35825.0,164506032.0,36550.0,35725.0,36550.0,TEN,A-24HS,CEDEARS
2024-08-21T00:00:00-03:00,36175.0,80150896.0,35950.0,35950.0,36400.0,TEN,A-24HS,CEDEARS
2024-08-22T00:00:00-03:00,36025.0,78851376.0,36175.0,36000.0,36475.0,TEN,A-24HS,CEDEARS
2024-08-23T00:00:00-03:00,36825.0,240717376.0,37000.0,36500.0,37025.0,TEN,A-24HS,CEDEARS
2024-08-26T00:00:00-03:00,37050.0,209042880.0,37775.0,36775.0,37775.0,TEN,A-24HS,CEDEARS
2024-08-27T00:00:00-03:00,36400.0,115182072.0,37000.0,36275.0,37000.0,TEN,A-24HS,CEDEARS
2024-08-28T00:00:00-03:00,36200.0,91845224.0,37225.0,35825.0,37225.0,TEN,A-24HS,CEDEARS
2024-08-29T00:00:00-03:00,37725.0,555413888.0,37000.0,36900.0,37875.0,TEN,A-24HS,CEDEARS
2024-08-30T00:00:00-03:00,38450.0,309860000.0,37725.0,37050.0,38550.0,TEN,A-24HS,CEDEARS
2024-09-02T00:00:00-03:00,38725.0,41838476.0,38200.0,37000.0,38800.0,TEN,A-24HS,CEDEARS
2024-09-03T00:00:00-03:00,38300.0,215072272.0,38125.0,37950.0,38300.0,TEN,A-24HS,CEDEARS
2024-09-04T00:00:00-03:00,37575.0,61725624.0,38300.0,37500.0,38900.0,TEN,A-24HS,CEDEARS
2024-09-05T00:00:00-03:00,36675.0,179308496.0,37575.0,36600.0,37575.0,TEN,A-24HS,CEDEARS
2024-09-06T00:00:00-03:00,35850.0,104130624.0,36925.0,35675.0,36925.0,TEN,A-24HS,CEDEARS
2024-09-09T00:00:00-03:00,35550.0,88064928.0,35175.0,35175.0,36350.0,TEN,A-24HS,CEDEARS
2024-09-10T00:00:00-03:00,35100.0,44038924.0,36525.0,34700.0,36525.0,TEN,A-24HS,CEDEARS
2024-09-11T00:00:00-03:00,35250.0,53026352.0,34675.0,34400.0,35450.0,TEN,A-24HS,CEDEARS
2024-09-12T00:00:00-03:00,35500.0,48597400.0,35250.0,35250.0,35850.0,TEN,A-24HS,CEDEARS
2024-09-13T00:00:00-03:00,35450.0,38676276.0,35600.0,35200.0,35975.0,TEN,A-24HS,CEDEARS
2024-09-16T00:00:00-03:00,35650.0,92071272.0,35450.0,35100.0,35700.0,TEN,A-24HS,CEDEARS
2024-09-17T00:00:00-03:00,36425.0,85304048.0,35600.0,35600.0,36675.0,TEN,A-24HS,CEDEARS
2024-09-18T00:00:00-03:00,36050.0,44784824.0,36425.0,36025.0,36625.0,TEN,A-24HS,CEDEARS
2024-09-19T00:00:00-03:00,36300.0,106307176.0,36325.0,36125.0,36725.0,TEN,A-24HS,CEDEARS
2024-09-20T00:00:00-03:00,36175.0,58065600.0,36075.0,35550.0,36300.0,TEN,A-24HS,CEDEARS
2024-09-23T00:00:00-03:00,36125.0,121585928.0,36300.0,35850.0,36450.0,TEN,A-24HS,CEDEARS
2024-09-24T00:00:00-03:00,37500.0,109077104.0,37575.0,37350.0,37850.0,TEN,A-24HS,CEDEARS
2024-09-25T00:00:00-03:00,37700.0,76463296.0,37500.0,37400.0,37925.0,TEN,A-24HS,CEDEARS
2024-09-26T00:00:00-03:00,37925.0,69587696.0,37525.0,37375.0,38075.0,TEN,A-24HS,CEDEARS
2024-09-27T00:00:00-03:00,38775.0,183636176.0,38500.0,38475.0,38950.0,TEN,A-24HS,CEDEARS
2024-09-30T00:00:00-03:00,39225.0,447548320.0,38500.0,38300.0,39375.0,TEN,A-24HS,CEDEARS
2024-10-01T00:00:00-03:00,40300.0,149561168.0,40800.0,39500.0,40800.0,TEN,A-24HS,CEDEARS
2024-10-02T00:00:00-03:00,39975.0,324481824.0,40400.0,39900.0,40800.0,TEN,A-24HS,CEDEARS
2024-10-03T00:00:00-03:00,39950.0,41007700.0,39950.0,39600.0,40100.0,TEN,A-24HS,CEDEARS
2024-10-04T00:00:00-03:00,39750.0,746034304.0,40150.0,39575.0,40300.0,TEN,A-24HS,CEDEARS
2024-10-07T00:00:00-03:00,39450.0,459827072.0,39650.0,39450.0,39825.0,TEN,A-24HS,CEDEARS
2024-10-08T00:00:00-03:00,38425.0,426519264.0,39000.0,38000.0,39000.0,TEN,A-24HS,CEDEARS
2024-10-09T00:00:00-03:00,37925.0,245735424.0,38375.0,37900.0,38575.0,TEN,A-24HS,CEDEARS
2024-10-10T00:00:00-03:00,38050.0,276925184.0,38375.0,38025.0,38625.0,TEN,A-24HS,CEDEARS
2024-10-14T00:00:00-03:00,38000.0,44904824.0,37800.0,37450.0,38075.0,TEN,A-24HS,CEDEARS
2024-10-15T00:00:00-03:00,36825.0,57548200.0,37500.0,36800.0,37500.0,TEN,A-24HS,CEDEARS
2024-10-16T00:00:00-03:00,37550.0,236220272.0,37125.0,37125.0,37575.0,TEN,A-24HS,CEDEARS
2024-10-17T00:00:00-03:00,37800.0,57647900.0,37500.0,37400.0,37950.0,TEN,A-24HS,CEDEARS
2024-10-18T00:00:00-03:00,37925.0,83948472.0,37550.0,37375.0,37975.0,TEN,A-24HS,CEDEARS
2024-10-21T00:00:00-03:00,38050.0,241948672.0,37825.0,37775.0,38150.0,TEN,A-24HS,CEDEARS
2024-10-22T00:00:00-03:00,38525.0,188967648.0,38300.0,38125.0,38700.0,TEN,A-24HS,CEDEARS
2024-10-23T00:00:00-03:00,37550.0,115799504.0,38125.0,37525.0,38175.0,TEN,A-24HS,CEDEARS
2024-10-24T00:00:00-03:00,37025.0,28220024.0,37175.0,36875.0,37425.0,TEN,A-24HS,CEDEARS
2024-10-25T00:00:00-03:00,37375.0,125068976.0,37350.0,37300.0,38025.0,TEN,A-24HS,CEDEARS
2024-10-28T00:00:00-03:00,37325.0,58510376.0,37100.0,36975.0,37675.0,TEN,A-24HS,CEDEARS
2024-10-29T00:00:00-03:00,37300.0,76730928.0,37950.0,37200.0,37950.0,TEN,A-24HS,CEDEARS
2024-10-30T00:00:00-03:00,37700.0,36885352.0,37950.0,37450.0,38100.0,TEN,A-24HS,CEDEARS
2024-10-31T00:00:00-03:00,37975.0,66181476.0,38000.0,37625.0,38125.0,TEN,A-24HS,CEDEARS
2024-11-01T00:00:00-03:00,39175.0,182606432.0,38400.0,38400.0,39175.0,TEN,A-24HS,CEDEARS
2024-11-04T00:00:00-03:00,39025.0,135422752.0,39200.0,38775.0,39350.0,TEN,A-24HS,CEDEARS
2024-11-05T00:00:00-03:00,39675.0,45948000.0,39375.0,39350.0,39975.0,TEN,A-24HS,CEDEARS
2024-11-06T00:00:00-03:00,42350.0,532525632.0,40800.0,40725.0,42400.0,TEN,A-24HS,CEDEARS
2024-11-07T00:00:00-03:00,43400.0,449275584.0,41950.0,41950.0,44200.0,TEN,A-24HS,CEDEARS
2024-11-08T00:00:00-03:00,42675.0,191439120.0,43400.0,42200.0,43400.0,TEN,A-24HS,CEDEARS
2024-11-11T00:00:00-03:00,43675.0,269961312.0,42800.0,42725.0,43700.0,TEN,A-24HS,CEDEARS
2024-11-12T00:00:00-03:00,42700.0,381037856.0,43500.0,42400.0,43600.0,TEN,A-24HS,CEDEARS
2024-11-13T00:00:00-03:00,42725.0,289370816.0,43200.0,41850.0,43200.0,TEN,A-24HS,CEDEARS
2024-11-14T00:00:00-03:00,42400.0,124857552.0,42700.0,42100.0,42750.0,TEN,A-24HS,CEDEARS
2024-11-15T00:00:00-03:00,42000.0,247018368.0,42825.0,41850.0,42875.0,TEN,A-24HS,CEDEARS
2024-11-19T00:00:00-03:00,40925.0,167984144.0,41500.0,40750.0,41500.0,TEN,A-24HS,CEDEARS
2024-11-20T00:00:00-03:00,40925.0,105737696.0,41925.0,40650.0,41925.0,TEN,A-24HS,CEDEARS
2024-11-21T00:00:00-03:00,41175.0,176732496.0,42775.0,40675.0,42775.0,TEN,A-24HS,CEDEARS
2024-11-22T00:00:00-03:00,41450.0,225263008.0,41475.0,41175.0,41600.0,TEN,A-24HS,CEDEARS
2024-11-25T00:00:00-03:00,41850.0,176752320.0,42725.0,41325.0,43000.0,TEN,A-24HS,CEDEARS
2024-11-26T00:00:00-03:00,41575.0,327682816.0,41600.0,41400.0,41850.0,TEN,A-24HS,CEDEARS
2024-11-27T00:00:00-03:00,42200.0,230425456.0,42450.0,41350.0,42450.0,TEN,A-24HS,CEDEARS
2024-11-28T00:00:00-03:00,42500.0,15161850.0,42300.0,41000.0,43000.0,TEN,A-24HS,CEDEARS
2024-11-29T00:00:00-03:00,41750.0,45395224.0,42325.0,40050.0,42625.0,TEN,A-24HS,CEDEARS
2024-12-02T00:00:00-03:00,42250.0,342802336.0,41750.0,41750.0,42600.0,TEN,A-24HS,CEDEARS
2024-12-03T00:00:00-03:00,42925.0,203591232.0,41425.0,41425.0,42925.0,TEN,A-24HS,CEDEARS
2024-12-04T00:00:00-03:00,42350.0,205938000.0,43400.0,42100.0,43400.0,TEN,A-24HS,CEDEARS
2024-12-05T00:00:00-03:00,42700.0,161955776.0,43200.0,42525.0,43250.0,TEN,A-24HS,CEDEARS
2024-12-06T00:00:00-03:00,40500.0,161926656.0,42725.0,40450.0,43400.0,TEN,A-24HS,CEDEARS
2024-12-09T00:00:00-03:00,41450.0,500520864.0,41450.0,41450.0,42100.0,TEN,A-24HS,CEDEARS
2024-12-10T00:00:00-03:00,41650.0,181723648.0,42425.0,41275.0,42425.0,TEN,A-24HS,CEDEARS
2024-12-11T00:00:00-03:00,41875.0,351128640.0,41450.0,41400.0,42050.0,TEN,A-24HS,CEDEARS
2024-12-12T00:00:00-03:00,41600.0,613717312.0,41850.0,41300.0,41950.0,TEN,A-24HS,CEDEARS
2024-12-13T00:00:00-03:00,41975.0,202917200.0,41375.0,41375.0,42025.0,TEN,A-24HS,CEDEARS
2024-12-16T00:00:00-03:00,42675.0,135666144.0,42150.0,41925.0,42825.0,TEN,A-24HS,CEDEARS
2024-12-17T00:00:00-03:00,43700.0,124745400.0,42700.0,42700.0,43975.0,TEN,A-24HS,CEDEARS
2024-12-18T00:00:00-03:00,43400.0,114087752.0,43000.0,43000.0,45125.0,TEN,A-24HS,CEDEARS
2024-12-19T00:00:00-03:00,42650.0,99511928.0,44475.0,42575.0,44475.0,TEN,A-24HS,CEDEARS
2024-12-20T00:00:00-03:00,43175.0,227750208.0,43700.0,42300.0,43700.0,TEN,A-24HS,CEDEARS
2024-12-23T00:00:00-03:00,44000.0,236870896.0,44125.0,43350.0,44125.0,TEN,A-24HS,CEDEARS
2024-12-24T00:00:00-03:00,44475.0,9058050.0,44625.0,43450.0,44625.0,TEN,A-24HS,CEDEARS
2024-12-26T00:00:00-03:00,44950.0,312842688.0,44400.0,44400.0,45125.0,TEN,A-24HS,CEDEARS
2024-12-27T00:00:00-03:00,44725.0,241752528.0,45025.0,44250.0,45325.0,TEN,A-24HS,CEDEARS
2024-12-30T00:00:00-03:00,44625.0,117707152.0,45250.0,44425.0,45850.0,TEN,A-24HS,CEDEARS
2025-01-02T00:00:00-03:00,44300.0,153788176.0,44775.0,44150.0,45200.0,TEN,A-24HS,CEDEARS
2025-01-03T00:00:00-03:00,44625.0,154641280.0,45425.0,44000.0,45425.0,TEN,A-24HS,CEDEARS
2025-01-06T00:00:00-03:00,45250.0,95077248.0,45750.0,44325.0,45750.0,TEN,A-24HS,CEDEARS
2025-01-07T00:00:00-03:00,45600.0,91291296.0,45000.0,45000.0,45950.0,TEN,A-24HS,CEDEARS
2025-01-08T00:00:00-03:00,46325.0,95375976.0,45025.0,45025.0,46500.0,TEN,A-24HS,CEDEARS
2025-01-09T00:00:00-03:00,45625.0,22141150.0,47000.0,45025.0,47700.0,TEN,A-24HS,CEDEARS
2025-01-10T00:00:00-03:00,45750.0,441880992.0,46975.0,45625.0,47000.0,TEN,A-24HS,CEDEARS
2025-01-13T00:00:00-03:00,46300.0,461381088.0,45500.0,45500.0,46800.0,TEN,A-24HS,CEDEARS
2025-01-14T00:00:00-03:00,46625.0,147220048.0,46300.0,46100.0,46900.0,TEN,A-24HS,CEDEARS
2025-01-15T00:00:00-03:00,46700.0,94717904.0,46575.0,46300.0,46750.0,TEN,A-24HS,CEDEARS
2025-01-16T00:00:00-03:00,46325.0,34432624.0,46825.0,46300.0,46825.0,TEN,A-24HS,CEDEARS
2025-01-17T00:00:00-03:00,46200.0,47764152.0,46400.0,46200.0,46725.0,TEN,A-24HS,CEDEARS
2025-01-20T00:00:00-03:00,45750.0,103650024.0,46000.0,43875.0,47000.0,TEN,A-24HS,CEDEARS
2025-01-21T00:00:00-03:00,46575.0,767957952.0,47000.0,46300.0,47175.0,TEN,A-24HS,CEDEARS
2025-01-22T00:00:00-03:00,46225.0,162512192.0,47750.0,45500.0,47750.0,TEN,A-24HS,CEDEARS
2025-01-23T00:00:00-03:00,45950.0,110728800.0,47500.0,45775.0,47500.0,TEN,A-24HS,CEDEARS
2025-01-24T00:00:00-03:00,45025.0,173202768.0,45775.0,44000.0,45775.0,TEN,A-24HS,CEDEARS
2025-01-27T00:00:00-03:00,45575.0,281230848.0,45225.0,45050.0,45850.0,TEN,A-24HS,CEDEARS
2025-01-28T00:00:00-03:00,44450.0,45853300.0,45575.0,44225.0,45575.0,TEN,A-24HS,CEDEARS
2025-01-29T00:00:00-03:00,44400.0,79543952.0,44225.0,43875.0,44700.0,TEN,A-24HS,CEDEARS
2025-01-30T00:00:00-03:00,45050.0,187401696.0,44525.0,44500.0,45050.0,TEN,A-24HS,CEDEARS
2025-01-31T00:00:00-03:00,44500.0,50438352.0,45050.0,44575.0,45375.0,TEN,A-24HS,CEDEARS
2025-02-03T00:00:00-03:00,44925.0,76704976.0,44500.0,44150.0,45100.0,TEN,A-24HS,CEDEARS
2025-02-04T00:00:00-03:00,46125.0,62397752.0,45400.0,45125.0,46175.0,TEN,A-24HS,CEDEARS
2025-02-05T00:00:00-03:00,46325.0,196211152.0,46175.0,45875.0,46475.0,TEN,A-24HS,CEDEARS
2025-02-06T00:00:00-03:00,45650.0,75246728.0,46400.0,45450.0,46850.0,TEN,A-24HS,CEDEARS
2025-02-07T00:00:00-03:00,45725.0,78728848.0,45775.0,45400.0,46075.0,TEN,A-24HS,CEDEARS
2025-02-10T00:00:00-03:00,47375.0,215764272.0,46075.0,46075.0,48275.0,TEN,A-24HS,CEDEARS
2025-02-11T00:00:00-03:00,47050.0,111082728.0,47325.0,46650.0,47325.0,TEN,A-24HS,CEDEARS
2025-02-12T00:00:00-03:00,46350.0,165700720.0,47200.0,46175.0,47200.0,TEN,A-24HS,CEDEARS
2025-02-13T00:00:00-03:00,46175.0,88388872.0,45900.0,45750.0,46550.0,TEN,A-24HS,CEDEARS
2025-02-14T00:00:00-03:00,46200.0,71368728.0,46375.0,46150.0,46775.0,TEN,A-24HS,CEDEARS
2025-02-17T00:00:00-03:00,46000.0,9832525.0,46200.0,44250.0,47600.0,TEN,A-24HS,CEDEARS
2025-02-18T00:00:00-03:00,47875.0,212588944.0,46000.0,46000.0,47900.0,TEN,A-24HS,CEDEARS
2025-02-19T00:00:00-03:00,46575.0,59703600.0,47375.0,46550.0,47500.0,TEN,A-24HS,CEDEARS
2025-02-20T00:00:00-03:00,46450.0,287745344.0,47900.0,46175.0,47900.0,TEN,A-24HS,CEDEARS
2025-02-21T00:00:00-03:00,45800.0,52508600.0,46775.0,45775.0,46950.0,TEN,A-24HS,CEDEARS
2025-02-24T00:00:00-03:00,46025.0,88724872.0,46000.0,45375.0,46150.0,TEN,A-24HS,CEDEARS
2025-02-25T00:00:00-03:00,44925.0,163845456.0,45775.0,44925.0,45775.0,TEN,A-24HS,CEDEARS
2025-02-26T00:00:00-03:00,45725.0,108169928.0,45175.0,44850.0,45825.0,TEN,A-24HS,CEDEARS
2025-02-27T00:00:00-03:00,45825.0,274009888.0,45500.0,45500.0,46300.0,TEN,A-24HS,CEDEARS
2025-02-28T00:00:00-03:00,46175.0,98426728.0,45850.0,45450.0,46200.0,TEN,A-24HS,CEDEARS
2025-03-05T00:00:00-03:00,46075.0,98673072.0,44650.0,44375.0,46000.0,TEN,A-24HS,CEDEARS
2025-03-06T00:00:00-03:00,46450.0,384197760.0,46175.0,45925.0,46625.0,TEN,A-24HS,CEDEARS
2025-03-07T00:00:00-03:00,45500.0,201319072.0,45750.0,45450.0,46900.0,TEN,A-24HS,CEDEARS
2025-03-10T00:00:00-03:00,43825.0,1582094336.0,45150.0,43325.0,45225.0,TEN,A-24HS,CEDEARS
2025-03-11T00:00:00-03:00,45075.0,117352304.0,44150.0,44150.0,45250.0,TEN,A-24HS,CEDEARS
2025-03-12T00:00:00-03:00,45700.0,120977400.0,45025.0,45025.0,46025.0,TEN,A-24HS,CEDEARS
2025-03-13T00:00:00-03:00,45550.0,44222676.0,45525.0,45500.0,45900.0,TEN,A-24HS,CEDEARS
2025-03-14T00:00:00-03:00,47750.0,78067224.0,46525.0,46525.0,47775.0,TEN,A-24HS,CEDEARS
2025-03-17T00:00:00-03:00,48650.0,153893072.0,48050.0,48050.0,48850.0,TEN,A-24HS,CEDEARS
2025-03-18T00:00:00-03:00,50800.0,363697088.0,49400.0,49250.0,50900.0,TEN,A-24HS,CEDEARS
2025-03-19T00:00:00-03:00,51600.0,773808576.0,50800.0,50700.0,52550.0,TEN,A-24HS,CEDEARS
2025-03-20T00:00:00-03:00,51250.0,81950096.0,51350.0,50650.0,51450.0,TEN,A-24HS,CEDEARS
2025-03-21T00:00:00-03:00,50750.0,269246208.0,51200.0,50550.0,51400.0,TEN,A-24HS,CEDEARS
2025-03-25T00:00:00-03:00,52150.0,110953552.0,51400.0,51400.0,52300.0,TEN,A-24HS,CEDEARS
2025-03-26T00:00:00-03:00,52250.0,167465504.0,52500.0,52150.0,53350.0,TEN,A-24HS,CEDEARS
2025-03-27T00:00:00-03:00,51400.0,65220100.0,51500.0,51000.0,51700.0,TEN,A-24HS,CEDEARS
2025-03-28T00:00:00-03:00,51100.0,122510752.0,51350.0,50850.0,51450.0,TEN,A-24HS,CEDEARS
2025-03-31T00:00:00-03:00,51400.0,160344752.0,51500.0,51100.0,51900.0,TEN,A-24HS,CEDEARS
2025-04-01T00:00:00-03:00,51500.0,29872950.0,51300.0,51250.0,51900.0,TEN,A-24HS,CEDEARS
2025-04-03T00:00:00-03:00,47375.0,133874096.0,48050.0,47350.0,48325.0,TEN,A-24HS,CEDEARS
2025-04-04T00:00:00-03:00,44575.0,85990624.0,45750.0,44075.0,46025.0,TEN,A-24HS,CEDEARS
2025-04-07T00:00:00-03:00,43800.0,297709856.0,43425.0,42900.0,45000.0,TEN,A-24HS,CEDEARS
2025-04-08T00:00:00-03:00,41675.0,165835875.0,43475.0,41750.0,44100.0,TEN,A-24HS,CEDEARS
